step 0, accuracy on validation set : 0.125
step 11, accuracy on validation set : 0.125
step 22, accuracy on validation set : 0.1953125
step 33, accuracy on validation set : 0.265625
step 44, accuracy on validation set : 0.1640625
step 55, accuracy on validation set : 0.203125
step 66, accuracy on validation set : 0.3046875
step 77, accuracy on validation set : 0.25
step 88, accuracy on validation set : 0.2109375
step 99, accuracy on validation set : 0.3203125
step 110, accuracy on validation set : 0.2890625
step 121, accuracy on validation set : 0.2734375
step 132, accuracy on validation set : 0.25
step 143, accuracy on validation set : 0.328125
step 154, accuracy on validation set : 0.265625
step 165, accuracy on validation set : 0.2734375
step 176, accuracy on validation set : 0.2578125
step 187, accuracy on validation set : 0.3203125
step 198, accuracy on validation set : 0.265625
step 209, accuracy on validation set : 0.34375
step 220, accuracy on validation set : 0.2890625
step 231, accuracy on validation set : 0.3203125
step 242, accuracy on validation set : 0.3125
step 253, accuracy on validation set : 0.3203125
step 264, accuracy on validation set : 0.28125
step 275, accuracy on validation set : 0.28125
step 286, accuracy on validation set : 0.3359375
step 297, accuracy on validation set : 0.2890625
step 308, accuracy on validation set : 0.3515625
step 319, accuracy on validation set : 0.328125
step 330, accuracy on validation set : 0.359375
step 341, accuracy on validation set : 0.3046875
step 352, accuracy on validation set : 0.3203125
step 363, accuracy on validation set : 0.296875
step 374, accuracy on validation set : 0.2890625
step 385, accuracy on validation set : 0.2890625
step 396, accuracy on validation set : 0.3671875
step 407, accuracy on validation set : 0.359375
step 418, accuracy on validation set : 0.3984375
step 429, accuracy on validation set : 0.375
step 440, accuracy on validation set : 0.4453125
step 451, accuracy on validation set : 0.4140625
step 462, accuracy on validation set : 0.3359375
step 473, accuracy on validation set : 0.390625
step 484, accuracy on validation set : 0.3671875
step 495, accuracy on validation set : 0.328125
step 506, accuracy on validation set : 0.3984375
step 517, accuracy on validation set : 0.3671875
step 528, accuracy on validation set : 0.3671875
step 539, accuracy on validation set : 0.2890625
step 550, accuracy on validation set : 0.375
step 561, accuracy on validation set : 0.359375
step 572, accuracy on validation set : 0.3359375
step 583, accuracy on validation set : 0.2890625
step 594, accuracy on validation set : 0.28125
step 605, accuracy on validation set : 0.390625
step 616, accuracy on validation set : 0.3515625
step 627, accuracy on validation set : 0.4296875
step 638, accuracy on validation set : 0.3515625
step 649, accuracy on validation set : 0.3828125
step 660, accuracy on validation set : 0.34375
step 671, accuracy on validation set : 0.390625
step 682, accuracy on validation set : 0.3984375
step 693, accuracy on validation set : 0.3125
step 704, accuracy on validation set : 0.4140625
step 715, accuracy on validation set : 0.390625
step 726, accuracy on validation set : 0.359375
step 737, accuracy on validation set : 0.390625
step 748, accuracy on validation set : 0.3828125
step 759, accuracy on validation set : 0.375
step 770, accuracy on validation set : 0.3828125
step 781, accuracy on validation set : 0.375
step 792, accuracy on validation set : 0.296875
step 803, accuracy on validation set : 0.4375
step 814, accuracy on validation set : 0.359375
step 825, accuracy on validation set : 0.3359375
step 836, accuracy on validation set : 0.421875
step 847, accuracy on validation set : 0.3671875
step 858, accuracy on validation set : 0.3203125
step 869, accuracy on validation set : 0.3984375
step 880, accuracy on validation set : 0.40625
step 891, accuracy on validation set : 0.4296875
step 902, accuracy on validation set : 0.3671875
step 913, accuracy on validation set : 0.375
step 924, accuracy on validation set : 0.421875
step 935, accuracy on validation set : 0.3359375
step 946, accuracy on validation set : 0.4140625
step 957, accuracy on validation set : 0.4375
step 968, accuracy on validation set : 0.3515625
step 979, accuracy on validation set : 0.3671875
step 990, accuracy on validation set : 0.46875
step 1001, accuracy on validation set : 0.390625
step 1012, accuracy on validation set : 0.453125
step 1023, accuracy on validation set : 0.3359375
step 1034, accuracy on validation set : 0.3984375
step 1045, accuracy on validation set : 0.4140625
step 1056, accuracy on validation set : 0.4140625
step 1067, accuracy on validation set : 0.4296875
step 1078, accuracy on validation set : 0.4375
step 1089, accuracy on validation set : 0.390625
step 1100, accuracy on validation set : 0.3671875
step 1111, accuracy on validation set : 0.421875
step 1122, accuracy on validation set : 0.453125
step 1133, accuracy on validation set : 0.3984375
step 1144, accuracy on validation set : 0.3984375
step 1155, accuracy on validation set : 0.5
step 1166, accuracy on validation set : 0.453125
step 1177, accuracy on validation set : 0.46875
step 1188, accuracy on validation set : 0.421875
step 1199, accuracy on validation set : 0.4296875
step 1210, accuracy on validation set : 0.453125
step 1221, accuracy on validation set : 0.46875
step 1232, accuracy on validation set : 0.4453125
step 1243, accuracy on validation set : 0.375
step 1254, accuracy on validation set : 0.40625
step 1265, accuracy on validation set : 0.390625
step 1276, accuracy on validation set : 0.390625
step 1287, accuracy on validation set : 0.390625
step 1298, accuracy on validation set : 0.4296875
step 1309, accuracy on validation set : 0.4140625
step 1320, accuracy on validation set : 0.3828125
step 1331, accuracy on validation set : 0.484375
step 1342, accuracy on validation set : 0.3984375
step 1353, accuracy on validation set : 0.4140625
step 1364, accuracy on validation set : 0.328125
step 1375, accuracy on validation set : 0.3203125
step 1386, accuracy on validation set : 0.46875
step 1397, accuracy on validation set : 0.4296875
step 1408, accuracy on validation set : 0.53125
step 1419, accuracy on validation set : 0.40625
step 1430, accuracy on validation set : 0.421875
step 1441, accuracy on validation set : 0.375
step 1452, accuracy on validation set : 0.4140625
step 1463, accuracy on validation set : 0.3984375
step 1474, accuracy on validation set : 0.3515625
step 1485, accuracy on validation set : 0.46875
step 1496, accuracy on validation set : 0.3828125
step 1507, accuracy on validation set : 0.3984375
step 1518, accuracy on validation set : 0.4609375
step 1529, accuracy on validation set : 0.3515625
step 1540, accuracy on validation set : 0.390625
step 1551, accuracy on validation set : 0.4765625
step 1562, accuracy on validation set : 0.40625
step 1573, accuracy on validation set : 0.3984375
step 1584, accuracy on validation set : 0.46875
step 1595, accuracy on validation set : 0.3984375
step 1606, accuracy on validation set : 0.3828125
step 1617, accuracy on validation set : 0.4375
step 1628, accuracy on validation set : 0.3515625
step 1639, accuracy on validation set : 0.4765625
step 1650, accuracy on validation set : 0.4140625
step 1661, accuracy on validation set : 0.4296875
step 1672, accuracy on validation set : 0.4921875
step 1683, accuracy on validation set : 0.3984375
step 1694, accuracy on validation set : 0.4765625
step 1705, accuracy on validation set : 0.453125
step 1716, accuracy on validation set : 0.4375
step 1727, accuracy on validation set : 0.375
step 1738, accuracy on validation set : 0.4296875
step 1749, accuracy on validation set : 0.359375
step 1760, accuracy on validation set : 0.3984375
step 1771, accuracy on validation set : 0.46875
step 1782, accuracy on validation set : 0.453125
step 1793, accuracy on validation set : 0.375
step 1804, accuracy on validation set : 0.4296875
step 1815, accuracy on validation set : 0.4609375
step 1826, accuracy on validation set : 0.421875
step 1837, accuracy on validation set : 0.4609375
step 1848, accuracy on validation set : 0.421875
step 1859, accuracy on validation set : 0.4921875
step 1870, accuracy on validation set : 0.4296875
step 1881, accuracy on validation set : 0.4453125
step 1892, accuracy on validation set : 0.5
step 1903, accuracy on validation set : 0.4765625
step 1914, accuracy on validation set : 0.484375
step 1925, accuracy on validation set : 0.421875
step 1936, accuracy on validation set : 0.5234375
step 1947, accuracy on validation set : 0.4609375
step 1958, accuracy on validation set : 0.3984375
step 1969, accuracy on validation set : 0.4609375
step 1980, accuracy on validation set : 0.484375
step 1991, accuracy on validation set : 0.4375
step 2002, accuracy on validation set : 0.453125
step 2013, accuracy on validation set : 0.3828125
step 2024, accuracy on validation set : 0.4296875
step 2035, accuracy on validation set : 0.421875
step 2046, accuracy on validation set : 0.4609375
step 2057, accuracy on validation set : 0.375
step 2068, accuracy on validation set : 0.4609375
step 2079, accuracy on validation set : 0.390625
step 2090, accuracy on validation set : 0.421875
step 2101, accuracy on validation set : 0.4296875
step 2112, accuracy on validation set : 0.4921875
step 2123, accuracy on validation set : 0.390625
step 2134, accuracy on validation set : 0.4609375
step 2145, accuracy on validation set : 0.3671875
step 2156, accuracy on validation set : 0.40625
step 2167, accuracy on validation set : 0.484375
step 2178, accuracy on validation set : 0.3828125
step 2189, accuracy on validation set : 0.5078125
step 2200, accuracy on validation set : 0.3828125
step 2211, accuracy on validation set : 0.3828125
step 2222, accuracy on validation set : 0.453125
step 2233, accuracy on validation set : 0.4140625
step 2244, accuracy on validation set : 0.453125
step 2255, accuracy on validation set : 0.375
step 2266, accuracy on validation set : 0.4375
step 2277, accuracy on validation set : 0.421875
step 2288, accuracy on validation set : 0.453125
step 2299, accuracy on validation set : 0.515625
step 2310, accuracy on validation set : 0.40625
step 2321, accuracy on validation set : 0.4296875
step 2332, accuracy on validation set : 0.40625
step 2343, accuracy on validation set : 0.46875
step 2354, accuracy on validation set : 0.453125
step 2365, accuracy on validation set : 0.40625
step 2376, accuracy on validation set : 0.5
step 2387, accuracy on validation set : 0.4296875
step 2398, accuracy on validation set : 0.4453125
step 2409, accuracy on validation set : 0.3515625
step 2420, accuracy on validation set : 0.40625
step 2431, accuracy on validation set : 0.4765625
step 2442, accuracy on validation set : 0.4375
step 2453, accuracy on validation set : 0.46875
step 2464, accuracy on validation set : 0.4375
step 2475, accuracy on validation set : 0.40625
step 2486, accuracy on validation set : 0.484375
step 2497, accuracy on validation set : 0.46875
step 2508, accuracy on validation set : 0.4296875
step 2519, accuracy on validation set : 0.3671875
step 2530, accuracy on validation set : 0.421875
step 2541, accuracy on validation set : 0.4921875
step 2552, accuracy on validation set : 0.5390625
step 2563, accuracy on validation set : 0.5390625
step 2574, accuracy on validation set : 0.4375
step 2585, accuracy on validation set : 0.453125
step 2596, accuracy on validation set : 0.53125
step 2607, accuracy on validation set : 0.4296875
step 2618, accuracy on validation set : 0.4609375
step 2629, accuracy on validation set : 0.5234375
step 2640, accuracy on validation set : 0.46875
step 2651, accuracy on validation set : 0.484375
step 2662, accuracy on validation set : 0.484375
step 2673, accuracy on validation set : 0.4765625
step 2684, accuracy on validation set : 0.4921875
step 2695, accuracy on validation set : 0.4765625
step 2706, accuracy on validation set : 0.3984375
step 2717, accuracy on validation set : 0.5546875
step 2728, accuracy on validation set : 0.4609375
step 2739, accuracy on validation set : 0.359375
step 2750, accuracy on validation set : 0.515625
step 2761, accuracy on validation set : 0.421875
step 2772, accuracy on validation set : 0.453125
step 2783, accuracy on validation set : 0.4375
step 2794, accuracy on validation set : 0.3828125
step 2805, accuracy on validation set : 0.4140625
step 2816, accuracy on validation set : 0.4296875
step 2827, accuracy on validation set : 0.453125
step 2838, accuracy on validation set : 0.46875
step 2849, accuracy on validation set : 0.5078125
step 2860, accuracy on validation set : 0.421875
step 2871, accuracy on validation set : 0.4453125
step 2882, accuracy on validation set : 0.484375
step 2893, accuracy on validation set : 0.484375
step 2904, accuracy on validation set : 0.4609375
step 2915, accuracy on validation set : 0.5
step 2926, accuracy on validation set : 0.4296875
step 2937, accuracy on validation set : 0.484375
step 2948, accuracy on validation set : 0.46875
step 2959, accuracy on validation set : 0.3984375
step 2970, accuracy on validation set : 0.546875
step 2981, accuracy on validation set : 0.359375
step 2992, accuracy on validation set : 0.453125
step 3003, accuracy on validation set : 0.515625
step 3014, accuracy on validation set : 0.4375
step 3025, accuracy on validation set : 0.4453125
step 3036, accuracy on validation set : 0.390625
step 3047, accuracy on validation set : 0.4609375
step 3058, accuracy on validation set : 0.4296875
step 3069, accuracy on validation set : 0.453125
step 3080, accuracy on validation set : 0.4609375
step 3091, accuracy on validation set : 0.3984375
step 3102, accuracy on validation set : 0.4453125
step 3113, accuracy on validation set : 0.4375
step 3124, accuracy on validation set : 0.4296875
step 3135, accuracy on validation set : 0.5234375
step 3146, accuracy on validation set : 0.4296875
step 3157, accuracy on validation set : 0.53125
step 3168, accuracy on validation set : 0.5
step 3179, accuracy on validation set : 0.4765625
step 3190, accuracy on validation set : 0.390625
step 3201, accuracy on validation set : 0.4765625
step 3212, accuracy on validation set : 0.4453125
step 3223, accuracy on validation set : 0.5078125
step 3234, accuracy on validation set : 0.484375
step 3245, accuracy on validation set : 0.4375
step 3256, accuracy on validation set : 0.4453125
step 3267, accuracy on validation set : 0.4140625
step 3278, accuracy on validation set : 0.484375
step 3289, accuracy on validation set : 0.4375
step 3300, accuracy on validation set : 0.375
step 3311, accuracy on validation set : 0.5390625
step 3322, accuracy on validation set : 0.5
step 3333, accuracy on validation set : 0.484375
step 3344, accuracy on validation set : 0.5
step 3355, accuracy on validation set : 0.46875
step 3366, accuracy on validation set : 0.4296875
step 3377, accuracy on validation set : 0.4921875
step 3388, accuracy on validation set : 0.5
step 3399, accuracy on validation set : 0.4453125
step 3410, accuracy on validation set : 0.4375
step 3421, accuracy on validation set : 0.5234375
step 3432, accuracy on validation set : 0.53125
step 3443, accuracy on validation set : 0.546875
step 3454, accuracy on validation set : 0.4765625
step 3465, accuracy on validation set : 0.53125
step 3476, accuracy on validation set : 0.5078125
step 3487, accuracy on validation set : 0.4609375
step 3498, accuracy on validation set : 0.5234375
step 3509, accuracy on validation set : 0.4609375
step 3520, accuracy on validation set : 0.390625
step 3531, accuracy on validation set : 0.4609375
step 3542, accuracy on validation set : 0.4453125
step 3553, accuracy on validation set : 0.5
step 3564, accuracy on validation set : 0.4609375
step 3575, accuracy on validation set : 0.46875
step 3586, accuracy on validation set : 0.4453125
step 3597, accuracy on validation set : 0.4140625
step 3608, accuracy on validation set : 0.4609375
step 3619, accuracy on validation set : 0.4921875
step 3630, accuracy on validation set : 0.4609375
step 3641, accuracy on validation set : 0.453125
step 3652, accuracy on validation set : 0.4921875
step 3663, accuracy on validation set : 0.4609375
step 3674, accuracy on validation set : 0.5078125
step 3685, accuracy on validation set : 0.4375
step 3696, accuracy on validation set : 0.484375
step 3707, accuracy on validation set : 0.4453125
step 3718, accuracy on validation set : 0.484375
step 3729, accuracy on validation set : 0.5234375
step 3740, accuracy on validation set : 0.4140625
step 3751, accuracy on validation set : 0.484375
step 3762, accuracy on validation set : 0.484375
step 3773, accuracy on validation set : 0.4296875
step 3784, accuracy on validation set : 0.5
step 3795, accuracy on validation set : 0.4765625
step 3806, accuracy on validation set : 0.4609375
step 3817, accuracy on validation set : 0.4765625
step 3828, accuracy on validation set : 0.484375
step 3839, accuracy on validation set : 0.390625
step 3850, accuracy on validation set : 0.484375
step 3861, accuracy on validation set : 0.515625
step 3872, accuracy on validation set : 0.3828125
step 3883, accuracy on validation set : 0.4765625
step 3894, accuracy on validation set : 0.4453125
step 3905, accuracy on validation set : 0.3984375
step 3916, accuracy on validation set : 0.5390625
step 3927, accuracy on validation set : 0.4375
step 3938, accuracy on validation set : 0.484375
step 3949, accuracy on validation set : 0.4453125
step 3960, accuracy on validation set : 0.4609375
step 3971, accuracy on validation set : 0.40625
step 3982, accuracy on validation set : 0.46875
step 3993, accuracy on validation set : 0.3984375
step 4004, accuracy on validation set : 0.453125
step 4015, accuracy on validation set : 0.46875
step 4026, accuracy on validation set : 0.4453125
step 4037, accuracy on validation set : 0.484375
step 4048, accuracy on validation set : 0.4296875
step 4059, accuracy on validation set : 0.546875
step 4070, accuracy on validation set : 0.4453125
step 4081, accuracy on validation set : 0.3984375
step 4092, accuracy on validation set : 0.5390625
step 4103, accuracy on validation set : 0.5234375
step 4114, accuracy on validation set : 0.515625
step 4125, accuracy on validation set : 0.5078125
step 4136, accuracy on validation set : 0.484375
step 4147, accuracy on validation set : 0.4296875
step 4158, accuracy on validation set : 0.4765625
step 4169, accuracy on validation set : 0.4609375
step 4180, accuracy on validation set : 0.4375
step 4191, accuracy on validation set : 0.4140625
step 4202, accuracy on validation set : 0.546875
step 4213, accuracy on validation set : 0.546875
step 4224, accuracy on validation set : 0.4921875
step 4235, accuracy on validation set : 0.5390625
step 4246, accuracy on validation set : 0.5546875
step 4257, accuracy on validation set : 0.515625
step 4268, accuracy on validation set : 0.4921875
step 4279, accuracy on validation set : 0.4296875
step 4290, accuracy on validation set : 0.4375
step 4301, accuracy on validation set : 0.390625
step 4312, accuracy on validation set : 0.5
step 4323, accuracy on validation set : 0.4765625
step 4334, accuracy on validation set : 0.5078125
step 4345, accuracy on validation set : 0.4765625
step 4356, accuracy on validation set : 0.46875
step 4367, accuracy on validation set : 0.4921875
step 4378, accuracy on validation set : 0.4765625
step 4389, accuracy on validation set : 0.4921875
step 4400, accuracy on validation set : 0.4921875
step 4411, accuracy on validation set : 0.4921875
step 4422, accuracy on validation set : 0.4453125
step 4433, accuracy on validation set : 0.5
step 4444, accuracy on validation set : 0.4375
step 4455, accuracy on validation set : 0.5234375
step 4466, accuracy on validation set : 0.421875
step 4477, accuracy on validation set : 0.46875
step 4488, accuracy on validation set : 0.4453125
step 4499, accuracy on validation set : 0.5
step 4510, accuracy on validation set : 0.53125
step 4521, accuracy on validation set : 0.390625
step 4532, accuracy on validation set : 0.4140625
step 4543, accuracy on validation set : 0.4921875
step 4554, accuracy on validation set : 0.421875
step 4565, accuracy on validation set : 0.5
step 4576, accuracy on validation set : 0.484375
step 4587, accuracy on validation set : 0.4453125
step 4598, accuracy on validation set : 0.4921875
step 4609, accuracy on validation set : 0.4609375
step 4620, accuracy on validation set : 0.390625
step 4631, accuracy on validation set : 0.5234375
step 4642, accuracy on validation set : 0.4609375
step 4653, accuracy on validation set : 0.453125
step 4664, accuracy on validation set : 0.515625
step 4675, accuracy on validation set : 0.421875
step 4686, accuracy on validation set : 0.3984375
step 4697, accuracy on validation set : 0.546875
step 4708, accuracy on validation set : 0.484375
step 4719, accuracy on validation set : 0.453125
step 4730, accuracy on validation set : 0.4453125
step 4741, accuracy on validation set : 0.4765625
step 4752, accuracy on validation set : 0.421875
step 4763, accuracy on validation set : 0.4765625
step 4774, accuracy on validation set : 0.4609375
step 4785, accuracy on validation set : 0.46875
step 4796, accuracy on validation set : 0.4609375
step 4807, accuracy on validation set : 0.421875
step 4818, accuracy on validation set : 0.4609375
step 4829, accuracy on validation set : 0.4765625
step 4840, accuracy on validation set : 0.5078125
step 4851, accuracy on validation set : 0.4453125
step 4862, accuracy on validation set : 0.453125
step 4873, accuracy on validation set : 0.5390625
step 4884, accuracy on validation set : 0.515625
step 4895, accuracy on validation set : 0.5390625
step 4906, accuracy on validation set : 0.515625
step 4917, accuracy on validation set : 0.53125
step 4928, accuracy on validation set : 0.4921875
step 4939, accuracy on validation set : 0.4765625
step 4950, accuracy on validation set : 0.5546875
step 4961, accuracy on validation set : 0.453125
step 4972, accuracy on validation set : 0.484375
step 4983, accuracy on validation set : 0.484375
step 4994, accuracy on validation set : 0.53125
step 5005, accuracy on validation set : 0.4453125
step 5016, accuracy on validation set : 0.4921875
step 5027, accuracy on validation set : 0.5703125
step 5038, accuracy on validation set : 0.4765625
step 5049, accuracy on validation set : 0.5234375
step 5060, accuracy on validation set : 0.4296875
step 5071, accuracy on validation set : 0.484375
step 5082, accuracy on validation set : 0.3828125
step 5093, accuracy on validation set : 0.5
step 5104, accuracy on validation set : 0.453125
step 5115, accuracy on validation set : 0.5859375
step 5126, accuracy on validation set : 0.421875
step 5137, accuracy on validation set : 0.4609375
step 5148, accuracy on validation set : 0.484375
step 5159, accuracy on validation set : 0.5546875
step 5170, accuracy on validation set : 0.4765625
step 5181, accuracy on validation set : 0.5078125
step 5192, accuracy on validation set : 0.4921875
step 5203, accuracy on validation set : 0.4453125
step 5214, accuracy on validation set : 0.5390625
step 5225, accuracy on validation set : 0.46875
step 5236, accuracy on validation set : 0.5
step 5247, accuracy on validation set : 0.375
step 5258, accuracy on validation set : 0.484375
step 5269, accuracy on validation set : 0.4453125
step 5280, accuracy on validation set : 0.5
step 5291, accuracy on validation set : 0.5
step 5302, accuracy on validation set : 0.359375
step 5313, accuracy on validation set : 0.484375
step 5324, accuracy on validation set : 0.515625
step 5335, accuracy on validation set : 0.453125
step 5346, accuracy on validation set : 0.546875
step 5357, accuracy on validation set : 0.5
step 5368, accuracy on validation set : 0.4765625
step 5379, accuracy on validation set : 0.4921875
step 5390, accuracy on validation set : 0.4453125
step 5401, accuracy on validation set : 0.5234375
step 5412, accuracy on validation set : 0.4921875
step 5423, accuracy on validation set : 0.4765625
step 5434, accuracy on validation set : 0.46875
step 5445, accuracy on validation set : 0.4609375
step 5456, accuracy on validation set : 0.4453125
step 5467, accuracy on validation set : 0.4453125
step 5478, accuracy on validation set : 0.5390625
step 5489, accuracy on validation set : 0.4765625
step 5500, accuracy on validation set : 0.453125
step 5511, accuracy on validation set : 0.484375
step 5522, accuracy on validation set : 0.4453125
step 5533, accuracy on validation set : 0.40625
step 5544, accuracy on validation set : 0.5078125
step 5555, accuracy on validation set : 0.4765625
step 5566, accuracy on validation set : 0.4375
step 5577, accuracy on validation set : 0.46875
step 5588, accuracy on validation set : 0.4453125
step 5599, accuracy on validation set : 0.5078125
step 5610, accuracy on validation set : 0.5
step 5621, accuracy on validation set : 0.5
step 5632, accuracy on validation set : 0.421875
step 5643, accuracy on validation set : 0.4375
step 5654, accuracy on validation set : 0.4921875
step 5665, accuracy on validation set : 0.4453125
step 5676, accuracy on validation set : 0.46875
step 5687, accuracy on validation set : 0.484375
step 5698, accuracy on validation set : 0.515625
step 5709, accuracy on validation set : 0.5078125
step 5720, accuracy on validation set : 0.4921875
step 5731, accuracy on validation set : 0.5234375
step 5742, accuracy on validation set : 0.46875
step 5753, accuracy on validation set : 0.4765625
step 5764, accuracy on validation set : 0.515625
step 5775, accuracy on validation set : 0.5
step 5786, accuracy on validation set : 0.40625
step 5797, accuracy on validation set : 0.4609375
step 5808, accuracy on validation set : 0.5390625
step 5819, accuracy on validation set : 0.53125
step 5830, accuracy on validation set : 0.609375
step 5841, accuracy on validation set : 0.484375
step 5852, accuracy on validation set : 0.5078125
step 5863, accuracy on validation set : 0.40625
step 5874, accuracy on validation set : 0.5
step 5885, accuracy on validation set : 0.4765625
step 5896, accuracy on validation set : 0.546875
step 5907, accuracy on validation set : 0.4140625
step 5918, accuracy on validation set : 0.515625
step 5929, accuracy on validation set : 0.484375
step 5940, accuracy on validation set : 0.4765625
step 5951, accuracy on validation set : 0.515625
step 5962, accuracy on validation set : 0.484375
step 5973, accuracy on validation set : 0.421875
step 5984, accuracy on validation set : 0.453125
step 5995, accuracy on validation set : 0.53125
step 6006, accuracy on validation set : 0.4609375
step 6017, accuracy on validation set : 0.53125
step 6028, accuracy on validation set : 0.4375
step 6039, accuracy on validation set : 0.4453125
step 6050, accuracy on validation set : 0.453125
step 6061, accuracy on validation set : 0.4453125
step 6072, accuracy on validation set : 0.4453125
step 6083, accuracy on validation set : 0.40625
step 6094, accuracy on validation set : 0.46875
step 6105, accuracy on validation set : 0.4765625
step 6116, accuracy on validation set : 0.4921875
step 6127, accuracy on validation set : 0.5
step 6138, accuracy on validation set : 0.4140625
step 6149, accuracy on validation set : 0.546875
step 6160, accuracy on validation set : 0.4609375
step 6171, accuracy on validation set : 0.484375
step 6182, accuracy on validation set : 0.5234375
step 6193, accuracy on validation set : 0.484375
step 6204, accuracy on validation set : 0.5546875
step 6215, accuracy on validation set : 0.515625
step 6226, accuracy on validation set : 0.4765625
step 6237, accuracy on validation set : 0.4140625
step 6248, accuracy on validation set : 0.46875
step 6259, accuracy on validation set : 0.546875
step 6270, accuracy on validation set : 0.546875
step 6281, accuracy on validation set : 0.4375
step 6292, accuracy on validation set : 0.4921875
step 6303, accuracy on validation set : 0.453125
step 6314, accuracy on validation set : 0.4140625
step 6325, accuracy on validation set : 0.484375
step 6336, accuracy on validation set : 0.5625
step 6347, accuracy on validation set : 0.4140625
step 6358, accuracy on validation set : 0.515625
step 6369, accuracy on validation set : 0.4453125
step 6380, accuracy on validation set : 0.5546875
step 6391, accuracy on validation set : 0.515625
step 6402, accuracy on validation set : 0.484375
step 6413, accuracy on validation set : 0.4609375
step 6424, accuracy on validation set : 0.53125
step 6435, accuracy on validation set : 0.4765625
step 6446, accuracy on validation set : 0.421875
step 6457, accuracy on validation set : 0.5078125
step 6468, accuracy on validation set : 0.5
step 6479, accuracy on validation set : 0.5078125
step 6490, accuracy on validation set : 0.5390625
step 6501, accuracy on validation set : 0.4453125
step 6512, accuracy on validation set : 0.484375
step 6523, accuracy on validation set : 0.5234375
step 6534, accuracy on validation set : 0.4375
step 6545, accuracy on validation set : 0.46875
step 6556, accuracy on validation set : 0.4765625
step 6567, accuracy on validation set : 0.390625
step 6578, accuracy on validation set : 0.4453125
step 6589, accuracy on validation set : 0.515625
step 6600, accuracy on validation set : 0.546875
step 6611, accuracy on validation set : 0.6015625
step 6622, accuracy on validation set : 0.484375
step 6633, accuracy on validation set : 0.5
step 6644, accuracy on validation set : 0.40625
step 6655, accuracy on validation set : 0.4921875
step 6666, accuracy on validation set : 0.53125
step 6677, accuracy on validation set : 0.46875
step 6688, accuracy on validation set : 0.4453125
step 6699, accuracy on validation set : 0.4921875
step 6710, accuracy on validation set : 0.5078125
step 6721, accuracy on validation set : 0.5390625
step 6732, accuracy on validation set : 0.515625
step 6743, accuracy on validation set : 0.4921875
step 6754, accuracy on validation set : 0.484375
step 6765, accuracy on validation set : 0.4375
step 6776, accuracy on validation set : 0.515625
step 6787, accuracy on validation set : 0.4453125
step 6798, accuracy on validation set : 0.5
step 6809, accuracy on validation set : 0.4765625
step 6820, accuracy on validation set : 0.46875
step 6831, accuracy on validation set : 0.53125
step 6842, accuracy on validation set : 0.46875
step 6853, accuracy on validation set : 0.5078125
step 6864, accuracy on validation set : 0.4609375
step 6875, accuracy on validation set : 0.46875
step 6886, accuracy on validation set : 0.453125
step 6897, accuracy on validation set : 0.5
step 6908, accuracy on validation set : 0.515625
step 6919, accuracy on validation set : 0.46875
step 6930, accuracy on validation set : 0.578125
step 6941, accuracy on validation set : 0.4921875
step 6952, accuracy on validation set : 0.4375
step 6963, accuracy on validation set : 0.546875
step 6974, accuracy on validation set : 0.4765625
step 6985, accuracy on validation set : 0.5
step 6996, accuracy on validation set : 0.5390625
step 7007, accuracy on validation set : 0.484375
step 7018, accuracy on validation set : 0.4921875
step 7029, accuracy on validation set : 0.46875
step 7040, accuracy on validation set : 0.53125
step 7051, accuracy on validation set : 0.5078125
step 7062, accuracy on validation set : 0.421875
step 7073, accuracy on validation set : 0.4921875
step 7084, accuracy on validation set : 0.4609375
step 7095, accuracy on validation set : 0.4296875
step 7106, accuracy on validation set : 0.5078125
step 7117, accuracy on validation set : 0.4921875
step 7128, accuracy on validation set : 0.3984375
step 7139, accuracy on validation set : 0.5546875
step 7150, accuracy on validation set : 0.46875
step 7161, accuracy on validation set : 0.5390625
step 7172, accuracy on validation set : 0.515625
step 7183, accuracy on validation set : 0.515625
step 7194, accuracy on validation set : 0.4296875
step 7205, accuracy on validation set : 0.5390625
step 7216, accuracy on validation set : 0.5078125
step 7227, accuracy on validation set : 0.46875
step 7238, accuracy on validation set : 0.4921875
step 7249, accuracy on validation set : 0.5
step 7260, accuracy on validation set : 0.5546875
step 7271, accuracy on validation set : 0.5703125
step 7282, accuracy on validation set : 0.5078125
step 7293, accuracy on validation set : 0.4921875
step 7304, accuracy on validation set : 0.5390625
step 7315, accuracy on validation set : 0.4921875
step 7326, accuracy on validation set : 0.4921875
step 7337, accuracy on validation set : 0.5
step 7348, accuracy on validation set : 0.3984375
step 7359, accuracy on validation set : 0.515625
step 7370, accuracy on validation set : 0.4609375
step 7381, accuracy on validation set : 0.5078125
step 7392, accuracy on validation set : 0.5
step 7403, accuracy on validation set : 0.5
step 7414, accuracy on validation set : 0.5234375
step 7425, accuracy on validation set : 0.5078125
step 7436, accuracy on validation set : 0.4765625
step 7447, accuracy on validation set : 0.484375
step 7458, accuracy on validation set : 0.5234375
step 7469, accuracy on validation set : 0.4140625
step 7480, accuracy on validation set : 0.5078125
step 7491, accuracy on validation set : 0.5078125
step 7502, accuracy on validation set : 0.546875
step 7513, accuracy on validation set : 0.453125
step 7524, accuracy on validation set : 0.5078125
step 7535, accuracy on validation set : 0.4296875
step 7546, accuracy on validation set : 0.46875
step 7557, accuracy on validation set : 0.546875
step 7568, accuracy on validation set : 0.53125
step 7579, accuracy on validation set : 0.46875
step 7590, accuracy on validation set : 0.515625
step 7601, accuracy on validation set : 0.4609375
step 7612, accuracy on validation set : 0.4609375
step 7623, accuracy on validation set : 0.5
step 7634, accuracy on validation set : 0.421875
step 7645, accuracy on validation set : 0.5234375
step 7656, accuracy on validation set : 0.46875
step 7667, accuracy on validation set : 0.4921875
step 7678, accuracy on validation set : 0.53125
step 7689, accuracy on validation set : 0.5546875
step 7700, accuracy on validation set : 0.5
step 7711, accuracy on validation set : 0.5078125
step 7722, accuracy on validation set : 0.4375
step 7733, accuracy on validation set : 0.4609375
step 7744, accuracy on validation set : 0.546875
step 7755, accuracy on validation set : 0.5234375
step 7766, accuracy on validation set : 0.515625
step 7777, accuracy on validation set : 0.5390625
step 7788, accuracy on validation set : 0.515625
step 7799, accuracy on validation set : 0.5078125
step 7810, accuracy on validation set : 0.4609375
step 7821, accuracy on validation set : 0.5390625
step 7832, accuracy on validation set : 0.515625
step 7843, accuracy on validation set : 0.4921875
step 7854, accuracy on validation set : 0.5390625
step 7865, accuracy on validation set : 0.5
step 7876, accuracy on validation set : 0.4765625
step 7887, accuracy on validation set : 0.484375
step 7898, accuracy on validation set : 0.5390625
step 7909, accuracy on validation set : 0.4609375
step 7920, accuracy on validation set : 0.53125
step 7931, accuracy on validation set : 0.5
step 7942, accuracy on validation set : 0.5703125
step 7953, accuracy on validation set : 0.546875
step 7964, accuracy on validation set : 0.53125
step 7975, accuracy on validation set : 0.4375
step 7986, accuracy on validation set : 0.5
step 7997, accuracy on validation set : 0.5234375
step 8008, accuracy on validation set : 0.53125
step 8019, accuracy on validation set : 0.453125
step 8030, accuracy on validation set : 0.515625
step 8041, accuracy on validation set : 0.6015625
step 8052, accuracy on validation set : 0.515625
step 8063, accuracy on validation set : 0.53125
step 8074, accuracy on validation set : 0.5078125
step 8085, accuracy on validation set : 0.53125
step 8096, accuracy on validation set : 0.5234375
step 8107, accuracy on validation set : 0.484375
step 8118, accuracy on validation set : 0.4921875
step 8129, accuracy on validation set : 0.4375
step 8140, accuracy on validation set : 0.4921875
step 8151, accuracy on validation set : 0.4765625
step 8162, accuracy on validation set : 0.5390625
step 8173, accuracy on validation set : 0.5
step 8184, accuracy on validation set : 0.53125
step 8195, accuracy on validation set : 0.5
step 8206, accuracy on validation set : 0.515625
step 8217, accuracy on validation set : 0.484375
step 8228, accuracy on validation set : 0.46875
step 8239, accuracy on validation set : 0.5859375
step 8250, accuracy on validation set : 0.4375
step 8261, accuracy on validation set : 0.5
step 8272, accuracy on validation set : 0.484375
step 8283, accuracy on validation set : 0.5234375
step 8294, accuracy on validation set : 0.4609375
step 8305, accuracy on validation set : 0.5
step 8316, accuracy on validation set : 0.4453125
step 8327, accuracy on validation set : 0.515625
step 8338, accuracy on validation set : 0.5234375
step 8349, accuracy on validation set : 0.4609375
step 8360, accuracy on validation set : 0.5078125
step 8371, accuracy on validation set : 0.5
step 8382, accuracy on validation set : 0.4453125
step 8393, accuracy on validation set : 0.5390625
step 8404, accuracy on validation set : 0.4921875
step 8415, accuracy on validation set : 0.5078125
step 8426, accuracy on validation set : 0.5390625
step 8437, accuracy on validation set : 0.5078125
step 8448, accuracy on validation set : 0.4921875
step 8459, accuracy on validation set : 0.4765625
step 8470, accuracy on validation set : 0.5078125
step 8481, accuracy on validation set : 0.4375
step 8492, accuracy on validation set : 0.46875
step 8503, accuracy on validation set : 0.453125
step 8514, accuracy on validation set : 0.5
step 8525, accuracy on validation set : 0.515625
step 8536, accuracy on validation set : 0.5
step 8547, accuracy on validation set : 0.5078125
step 8558, accuracy on validation set : 0.53125
step 8569, accuracy on validation set : 0.5625
step 8580, accuracy on validation set : 0.4921875
step 8591, accuracy on validation set : 0.4375
step 8602, accuracy on validation set : 0.5546875
step 8613, accuracy on validation set : 0.53125
step 8624, accuracy on validation set : 0.484375
step 8635, accuracy on validation set : 0.515625
step 8646, accuracy on validation set : 0.5078125
step 8657, accuracy on validation set : 0.5078125
step 8668, accuracy on validation set : 0.5078125
step 8679, accuracy on validation set : 0.46875
step 8690, accuracy on validation set : 0.5
step 8701, accuracy on validation set : 0.5625
step 8712, accuracy on validation set : 0.453125
step 8723, accuracy on validation set : 0.5234375
step 8734, accuracy on validation set : 0.53125
step 8745, accuracy on validation set : 0.53125
step 8756, accuracy on validation set : 0.5078125
step 8767, accuracy on validation set : 0.5078125
step 8778, accuracy on validation set : 0.578125
step 8789, accuracy on validation set : 0.5
step 8800, accuracy on validation set : 0.453125
step 8811, accuracy on validation set : 0.5703125
step 8822, accuracy on validation set : 0.5625
step 8833, accuracy on validation set : 0.4765625
step 8844, accuracy on validation set : 0.5390625
step 8855, accuracy on validation set : 0.515625
step 8866, accuracy on validation set : 0.5078125
step 8877, accuracy on validation set : 0.6015625
step 8888, accuracy on validation set : 0.5
step 8899, accuracy on validation set : 0.484375
step 8910, accuracy on validation set : 0.4453125
step 8921, accuracy on validation set : 0.4921875
step 8932, accuracy on validation set : 0.4921875
step 8943, accuracy on validation set : 0.59375
step 8954, accuracy on validation set : 0.4453125
step 8965, accuracy on validation set : 0.515625
step 8976, accuracy on validation set : 0.4765625
step 8987, accuracy on validation set : 0.5625
step 8998, accuracy on validation set : 0.5234375
step 9009, accuracy on validation set : 0.5078125
step 9020, accuracy on validation set : 0.4921875
step 9031, accuracy on validation set : 0.421875
step 9042, accuracy on validation set : 0.578125
step 9053, accuracy on validation set : 0.5
step 9064, accuracy on validation set : 0.515625
step 9075, accuracy on validation set : 0.40625
step 9086, accuracy on validation set : 0.46875
step 9097, accuracy on validation set : 0.4609375
step 9108, accuracy on validation set : 0.5078125
step 9119, accuracy on validation set : 0.53125
step 9130, accuracy on validation set : 0.4765625
step 9141, accuracy on validation set : 0.5
step 9152, accuracy on validation set : 0.53125
step 9163, accuracy on validation set : 0.484375
step 9174, accuracy on validation set : 0.546875
step 9185, accuracy on validation set : 0.5625
step 9196, accuracy on validation set : 0.5234375
step 9207, accuracy on validation set : 0.4765625
step 9218, accuracy on validation set : 0.484375
step 9229, accuracy on validation set : 0.4921875
step 9240, accuracy on validation set : 0.5078125
step 9251, accuracy on validation set : 0.546875
step 9262, accuracy on validation set : 0.484375
step 9273, accuracy on validation set : 0.46875
step 9284, accuracy on validation set : 0.4140625
step 9295, accuracy on validation set : 0.484375
step 9306, accuracy on validation set : 0.5703125
step 9317, accuracy on validation set : 0.5078125
step 9328, accuracy on validation set : 0.484375
step 9339, accuracy on validation set : 0.546875
step 9350, accuracy on validation set : 0.515625
step 9361, accuracy on validation set : 0.453125
step 9372, accuracy on validation set : 0.5390625
step 9383, accuracy on validation set : 0.484375
step 9394, accuracy on validation set : 0.484375
step 9405, accuracy on validation set : 0.515625
step 9416, accuracy on validation set : 0.5078125
step 9427, accuracy on validation set : 0.5703125
step 9438, accuracy on validation set : 0.5390625
step 9449, accuracy on validation set : 0.515625
step 9460, accuracy on validation set : 0.4921875
step 9471, accuracy on validation set : 0.5390625
step 9482, accuracy on validation set : 0.53125
step 9493, accuracy on validation set : 0.4609375
step 9504, accuracy on validation set : 0.5
step 9515, accuracy on validation set : 0.5078125
step 9526, accuracy on validation set : 0.5546875
step 9537, accuracy on validation set : 0.5078125
step 9548, accuracy on validation set : 0.4609375
step 9559, accuracy on validation set : 0.53125
step 9570, accuracy on validation set : 0.515625
step 9581, accuracy on validation set : 0.5
step 9592, accuracy on validation set : 0.4921875
step 9603, accuracy on validation set : 0.53125
step 9614, accuracy on validation set : 0.4921875
step 9625, accuracy on validation set : 0.5703125
step 9636, accuracy on validation set : 0.5078125
step 9647, accuracy on validation set : 0.5703125
step 9658, accuracy on validation set : 0.5703125
step 9669, accuracy on validation set : 0.4921875
step 9680, accuracy on validation set : 0.46875
step 9691, accuracy on validation set : 0.4453125
step 9702, accuracy on validation set : 0.5
step 9713, accuracy on validation set : 0.4765625
step 9724, accuracy on validation set : 0.578125
step 9735, accuracy on validation set : 0.4375
step 9746, accuracy on validation set : 0.46875
step 9757, accuracy on validation set : 0.546875
step 9768, accuracy on validation set : 0.5625
step 9779, accuracy on validation set : 0.484375
step 9790, accuracy on validation set : 0.53125
step 9801, accuracy on validation set : 0.515625
step 9812, accuracy on validation set : 0.46875
step 9823, accuracy on validation set : 0.5390625
step 9834, accuracy on validation set : 0.453125
step 9845, accuracy on validation set : 0.515625
step 9856, accuracy on validation set : 0.421875
step 9867, accuracy on validation set : 0.5390625
step 9878, accuracy on validation set : 0.484375
step 9889, accuracy on validation set : 0.5390625
step 9900, accuracy on validation set : 0.5234375
step 9911, accuracy on validation set : 0.46875
step 9922, accuracy on validation set : 0.5234375
step 9933, accuracy on validation set : 0.4140625
step 9944, accuracy on validation set : 0.53125
step 9955, accuracy on validation set : 0.5078125
step 9966, accuracy on validation set : 0.4921875
step 9977, accuracy on validation set : 0.5546875
step 9988, accuracy on validation set : 0.4765625
step 9999, accuracy on validation set : 0.4921875
test set: accuracy on test set: 0.512
